code,system
13c..00,readv2
13c1.00,readv2
13c3.00,readv2
13c4.00,readv2
13c5.00,readv2
13c6.00,readv2
13c7.00,readv2
13c8.00,readv2
13c9.00,readv2
13cB.00,readv2
13cF.00,readv2
13cH.00,readv2
1V0..00,readv2
1V00.00,readv2
1V01.00,readv2
1V0E.00,readv2
1V26.00,readv2
1V63.00,readv2
1V64.00,readv2
E259400,readv2
13c0.00,readv2
13cJ.00,readv2
13cA.00,readv2
1V08.00,readv2
1V09.00,readv2
13cC.00,readv2
E240100,readv2
E242100,readv2
E243100,readv2
E252100,readv2
E255100,readv2
E256100,readv2
E25y100,readv2
13cD.00,readv2
E240200,readv2
E242200,readv2
E243200,readv2
E252200,readv2
E255200,readv2
E256200,readv2
E25y200,readv2
13cE.00,readv2
1T8..00,readv2
E243.00,readv2
E252.00,readv2
146C.00,readv2
8BAW.00,readv2
8BAX.00,readv2
8BAd.00,readv2
8Hq..00,readv2
146F.00,readv2
E25y.11,readv2
Eu55.00,readv2
ZRBK.11,readv2
1T...00,readv2
1T0..00,readv2
1T02.00,readv2
1V65.00,readv2
E240.11,readv2
1T00.00,readv2
1T40.00,readv2
1T50.00,readv2
1T80.00,readv2
1T90.00,readv2
1T01.00,readv2
1T41.00,readv2
1T51.00,readv2
1T61.00,readv2
1T81.00,readv2
1T91.00,readv2
1T03.00,readv2
1T42.00,readv2
1T52.00,readv2
1T62.00,readv2
1T82.00,readv2
1T92.00,readv2
1T1..00,readv2
1T10.00,readv2
1T11.00,readv2
1T12.00,readv2
1T13.00,readv2
E240.12,readv2
1T2..00,readv2
1T20.00,readv2
1T21.00,readv2
1T22.00,readv2
1T23.00,readv2
1V66.00,readv2
E24A.00,readv2
1T3..00,readv2
1T30.00,readv2
1T31.00,readv2
1T32.00,readv2
1T33.00,readv2
8BAo.00,readv2
1T4..00,readv2
1T43.00,readv2
1T53.00,readv2
1T83.00,readv2
1T5..00,readv2
E242.00,readv2
E256.00,readv2
1T6..00,readv2
1T60.00,readv2
1T63.00,readv2
1T7..00,readv2
1T73.00,readv2
E245.00,readv2
E245100,readv2
E245200,readv2
E245300,readv2
E253.00,readv2
E253100,readv2
E253200,readv2
E253300,readv2
Eu16711,readv2
1T9..00,readv2
1T93.00,readv2
1TA..00,readv2
1TA3.00,readv2
E254.11,readv2
1TB..00,readv2
1TB0.00,readv2
1TC..00,readv2
1TC0.00,readv2
1TC3.00,readv2
E258.00,readv2
1TD..00,readv2
1TD0.00,readv2
1TD1.00,readv2
1TD2.00,readv2
1TD3.00,readv2
Eu11311,readv2
1TE..00,readv2
1TF..00,readv2
8B2S.00,readv2
Z1Q6.00,readv2
1V...00,readv2
1V6..00,readv2
Eu11200,readv2
Eu11300,readv2
Eu11500,readv2
Eu11600,readv2
Eu12.00,readv2
Eu12000,readv2
Eu12100,readv2
Eu12200,readv2
Eu12300,readv2
Eu12500,readv2
Eu12600,readv2
Eu13000,readv2
Eu13100,readv2
Eu13200,readv2
Eu13300,readv2
Eu13500,readv2
Eu14.00,readv2
Eu14000,readv2
Eu14100,readv2
Eu14200,readv2
Eu14300,readv2
Eu14500,readv2
Eu15.00,readv2
Eu15000,readv2
Eu15200,readv2
Eu15300,readv2
Eu15500,readv2
Eu16.00,readv2
Eu16000,readv2
Eu16200,readv2
Eu16300,readv2
Eu16500,readv2
Eu1A.00,readv2
Eu1A100,readv2
Eu1A200,readv2
Eu1A300,readv2
Eu1A500,readv2
1V02.00,readv2
1V07.00,readv2
1V0C.00,readv2
8B23.00,readv2
8B23.11,readv2
8B2N.00,readv2
9G23.00,readv2
9G24.00,readv2
E24..11,readv2
Eu11211,readv2
Eu11212,readv2
Eu12211,readv2
Eu14211,readv2
Eu16211,readv2
Eu18211,readv2
ZG23200,readv2
1V0A.00,readv2
8B2T.00,readv2
Z1Q6212,readv2
1V0B.00,readv2
E246.00,readv2
E246100,readv2
E246200,readv2
E246300,readv2
1V22.00,readv2
9HC2.00,readv2
9HC3.00,readv2
Eu11400,readv2
Eu11y00,readv2
Eu11z00,readv2
Eu12y00,readv2
Eu12z00,readv2
Eu15100,readv2
Eu15z00,readv2
Eu16z00,readv2
Eu1A000,readv2
Eu1Az00,readv2
1V35.00,readv2
9k51.00,readv2
9k51.11,readv2
1V38.00,readv2
677T.00,readv2
Z416.00,readv2
7P22000,readv2
L183100,readv2
L183300,readv2
8AA..00,readv2
9HC..00,readv2
8B2P.00,readv2
Z1Q6200,readv2
Z1Q6214,readv2
Z1Q6300,readv2
8B2Q.00,readv2
8B2R.00,readv2
8H7x.00,readv2
8Hh1.00,readv2
8HkF.00,readv2
9G2..00,readv2
9G21.00,readv2
9G22.00,readv2
9NdN.00,readv2
9G2..11,readv2
9k5..00,readv2
9k52.00,readv2
9k53.00,readv2
9kS..00,readv2
9s...00,readv2
9G2Z.00,readv2
E240z00,readv2
E242z00,readv2
E243z00,readv2
E244z00,readv2
E244z11,readv2
E245z00,readv2
E246z00,readv2
E248z00,readv2
E249z00,readv2
E24z.00,readv2
E252z00,readv2
E253z00,readv2
E254z00,readv2
E255z00,readv2
E256z00,readv2
E257z00,readv2
E258z00,readv2
E259z00,readv2
E25yz00,readv2
E25z.00,readv2
Eu19211,readv2
L183z00,readv2
9HC1.00,readv2
9K4..00,readv2
9HC4.00,readv2
9HC5.00,readv2
9k50.00,readv2
9HC6.00,readv2
9N1yJ00,readv2
9N4i.00,readv2
9No5.00,readv2
E24..00,readv2
E240.13,readv2
E240.14,readv2
E241.15,readv2
E243.11,readv2
E243.12,readv2
E243.13,readv2
E245.11,readv2
E245.12,readv2
E240.00,readv2
E255.00,readv2
E240000,readv2
E242000,readv2
E243000,readv2
E244000,readv2
E245000,readv2
E246000,readv2
E247100,readv2
E247200,readv2
E247300,readv2
E248000,readv2
E249000,readv2
E252000,readv2
E253000,readv2
E255000,readv2
E256000,readv2
E257000,readv2
E259000,readv2
E25y000,readv2
E240300,readv2
E242300,readv2
E243300,readv2
E252300,readv2
E255300,readv2
E256300,readv2
E25y300,readv2
E244.00,readv2
E244.11,readv2
E244.12,readv2
E244100,readv2
E244200,readv2
E244300,readv2
E257.00,readv2
E257.11,readv2
E257.12,readv2
E257100,readv2
E257200,readv2
E257300,readv2
Eu15211,readv2
E244011,readv2
E248.00,readv2
E248100,readv2
E248200,readv2
E248300,readv2
E249.00,readv2
E249100,readv2
E249200,readv2
E249300,readv2
E25..00,readv2
E254.00,readv2
E254.12,readv2
E254000,readv2
E254100,readv2
E254200,readv2
E254300,readv2
Eu13.00,readv2
Eu13211,readv2
Eu13400,readv2
E254.13,readv2
E254.14,readv2
E259.00,readv2
E259100,readv2
E259200,readv2
E259300,readv2
E25y.00,readv2
E25y.13,readv2
Eu55.13,readv2
E29y500,readv2
Z192100,readv2
Eu11700,readv2
Eu12700,readv2
Eu14700,readv2
Eu16700,readv2
Eu19.00,readv2
Eu19000,readv2
Eu19100,readv2
Eu19200,readv2
Eu19300,readv2
Eu19400,readv2
Eu19500,readv2
Eu19600,readv2
Eu19700,readv2
Eu19y00,readv2
Eu19z00,readv2
Eu15700,readv2
Eu16100,readv2
Eu17200,readv2
Eu17300,readv2
Eu18.00,readv2
Eu18000,readv2
Eu18100,readv2
Eu18200,readv2
Eu18400,readv2
Eu18500,readv2
Eu18z00,readv2
L183.00,readv2
L183.11,readv2
ZR3Z.00,readv2
ZR3Z.11,readv2
ZRVn.00,readv2
ZRVn.11,readv2
ZRk7.00,readv2
ZRk7.11,readv2
ZRl..00,readv2
ZRl..11,readv2
ZV11400,readv2
ZV11500,readv2